수신년도,수신월,수신일,수신시분초,발신번호,수신번호,스팸내용
2017,11,23,032100,***********,***********,컨텐츠 비공개
2017,11,23,082400,***********,***********,컨텐츠 비공개
2017,11,23,091400,***********,***********,컨텐츠 비공개
2017,11,23,092200,***********,***********,컨텐츠 비공개
2017,11,23,092300,***********,***********,컨텐츠 비공개
2017,11,23,092500,***********,***********,컨텐츠 비공개
2017,11,23,092500,***********,***********,컨텐츠 비공개
2017,11,23,093100,***********,***********,컨텐츠 비공개
2017,11,23,093200,***********,***********,컨텐츠 비공개
2017,11,23,093800,***********,***********,컨텐츠 비공개
2017,11,23,094500,***********,***********,컨텐츠 비공개
2017,11,23,094800,***********,***********,컨텐츠 비공개
2017,11,23,095000,***********,***********,컨텐츠 비공개
2017,11,23,095500,***********,***********,컨텐츠 비공개
2017,11,23,095700,***********,***********,컨텐츠 비공개
2017,11,23,100500,***********,***********,컨텐츠 비공개
2017,11,23,100600,***********,***********,컨텐츠 비공개
2017,11,23,102100,***********,***********,컨텐츠 비공개
2017,11,23,163100,***********,***********,컨텐츠 비공개
2017,11,23,170100,***********,***********,컨텐츠 비공개
2017,11,23,170800,***********,***********,컨텐츠 비공개
2017,11,23,171900,***********,***********,컨텐츠 비공개
2017,11,23,171900,***********,***********,컨텐츠 비공개
2017,11,23,174100,***********,***********,컨텐츠 비공개
2017,11,23,181500,***********,***********,컨텐츠 비공개
2017,11,23,181700,***********,***********,컨텐츠 비공개
2017,11,23,181800,***********,***********,컨텐츠 비공개
2017,11,23,182500,***********,***********,컨텐츠 비공개
2017,11,23,182500,***********,***********,컨텐츠 비공개
2017,11,23,182700,***********,***********,컨텐츠 비공개
2017,11,23,182800,***********,***********,컨텐츠 비공개
2017,11,23,182800,***********,***********,컨텐츠 비공개
2017,11,23,182800,***********,***********,컨텐츠 비공개
2017,11,23,182800,***********,***********,컨텐츠 비공개
2017,11,23,182800,***********,***********,컨텐츠 비공개
2017,11,23,182800,***********,***********,컨텐츠 비공개
2018,01,28,000100,***********,***********,컨텐츠 비공개
2018,01,28,002200,***********,***********,컨텐츠 비공개
2018,01,28,035700,***********,***********,컨텐츠 비공개
2018,01,28,052200,***********,***********,컨텐츠 비공개
2018,01,28,070300,***********,***********,컨텐츠 비공개
2018,01,28,075800,***********,***********,컨텐츠 비공개
2018,01,28,080900,***********,***********,컨텐츠 비공개
2018,01,28,082200,***********,***********,컨텐츠 비공개
2018,01,28,082700,***********,***********,컨텐츠 비공개
2018,01,28,082800,***********,***********,컨텐츠 비공개
2018,01,28,083000,***********,***********,컨텐츠 비공개
2018,01,28,083200,***********,***********,컨텐츠 비공개
2018,01,28,090000,***********,***********,컨텐츠 비공개
2018,01,28,113000,***********,***********,컨텐츠 비공개
2018,01,28,113500,***********,***********,컨텐츠 비공개
2018,01,28,113600,***********,***********,컨텐츠 비공개
2018,01,28,115000,***********,***********,컨텐츠 비공개
2018,01,28,115000,***********,***********,컨텐츠 비공개
2018,01,28,115200,***********,***********,컨텐츠 비공개
2018,01,28,121100,***********,***********,컨텐츠 비공개
2018,01,28,121400,***********,***********,컨텐츠 비공개
2018,01,28,122000,***********,***********,컨텐츠 비공개
2018,01,28,122000,***********,***********,컨텐츠 비공개
2018,01,28,122800,***********,***********,컨텐츠 비공개
2018,01,28,123400,***********,***********,컨텐츠 비공개
2018,01,28,130500,***********,***********,컨텐츠 비공개
2018,01,28,131100,***********,***********,컨텐츠 비공개
2018,01,28,132000,***********,***********,컨텐츠 비공개
2018,01,28,132600,***********,***********,컨텐츠 비공개
2018,01,28,133200,***********,***********,컨텐츠 비공개
2018,01,28,133900,***********,***********,컨텐츠 비공개
2018,01,28,140000,***********,***********,컨텐츠 비공개
2018,01,28,140000,***********,***********,컨텐츠 비공개
2018,01,28,140100,***********,***********,컨텐츠 비공개
2018,01,28,140300,***********,***********,컨텐츠 비공개
2018,01,28,140300,***********,***********,컨텐츠 비공개
2018,01,28,140800,***********,***********,컨텐츠 비공개
2018,01,28,141600,***********,***********,컨텐츠 비공개
2018,01,28,142500,***********,***********,컨텐츠 비공개
2018,01,28,142600,***********,***********,컨텐츠 비공개
2018,01,28,143500,***********,***********,컨텐츠 비공개
2018,01,28,144500,***********,***********,컨텐츠 비공개
2018,01,28,150600,***********,***********,컨텐츠 비공개
2018,01,28,150600,***********,***********,컨텐츠 비공개
2018,01,28,151000,***********,***********,컨텐츠 비공개
2018,01,28,153000,***********,***********,컨텐츠 비공개
2018,01,28,195600,***********,***********,컨텐츠 비공개
2018,01,28,201500,***********,***********,컨텐츠 비공개
2018,01,28,205000,***********,***********,컨텐츠 비공개
2018,01,28,225500,***********,***********,컨텐츠 비공개
2018,01,28,230400,***********,***********,컨텐츠 비공개
2018,01,28,233100,***********,***********,컨텐츠 비공개
2018,02,24,000100,***********,***********,컨텐츠 비공개
2018,02,24,001200,***********,***********,컨텐츠 비공개
2018,02,24,002400,***********,***********,컨텐츠 비공개
2018,02,24,070400,***********,***********,컨텐츠 비공개
2018,02,24,081000,***********,***********,컨텐츠 비공개
2018,02,24,081800,***********,***********,컨텐츠 비공개
2018,02,24,083300,***********,***********,컨텐츠 비공개
2018,02,24,084800,***********,***********,컨텐츠 비공개
2018,02,24,085200,***********,***********,컨텐츠 비공개
2018,02,24,090100,***********,***********,컨텐츠 비공개
2018,02,24,090500,***********,***********,컨텐츠 비공개
2018,02,24,091500,***********,***********,컨텐츠 비공개
2018,02,24,091600,***********,***********,컨텐츠 비공개
2018,02,24,092200,***********,***********,컨텐츠 비공개
2018,02,24,093200,***********,***********,컨텐츠 비공개
2018,02,24,094000,***********,***********,컨텐츠 비공개
2018,02,24,094200,***********,***********,컨텐츠 비공개
2018,02,24,094200,***********,***********,컨텐츠 비공개
2018,02,24,095100,***********,***********,컨텐츠 비공개
2018,02,24,095400,***********,***********,컨텐츠 비공개
2018,02,24,095500,***********,***********,컨텐츠 비공개
2018,02,24,095700,***********,***********,컨텐츠 비공개
2018,02,24,100000,***********,***********,컨텐츠 비공개
2018,02,24,100000,***********,***********,컨텐츠 비공개
2018,02,24,100100,***********,***********,컨텐츠 비공개
2018,02,24,100200,***********,***********,컨텐츠 비공개
2018,02,24,100300,***********,***********,컨텐츠 비공개
2018,02,24,100300,***********,***********,컨텐츠 비공개
2018,02,24,100500,***********,***********,컨텐츠 비공개
2018,02,24,100800,***********,***********,컨텐츠 비공개
2018,02,24,100900,***********,***********,컨텐츠 비공개
2018,02,24,101900,***********,***********,컨텐츠 비공개
2018,02,24,102100,***********,***********,컨텐츠 비공개
2018,02,24,102100,***********,***********,컨텐츠 비공개
2018,02,24,102200,***********,***********,컨텐츠 비공개
2018,02,24,102700,***********,***********,컨텐츠 비공개
2018,02,24,102700,***********,***********,컨텐츠 비공개
2018,02,24,102800,***********,***********,컨텐츠 비공개
2018,02,24,103000,***********,***********,컨텐츠 비공개
2018,02,24,103300,***********,***********,컨텐츠 비공개
2018,02,24,103500,***********,***********,컨텐츠 비공개
2018,02,24,103600,***********,***********,컨텐츠 비공개
2018,02,24,103600,***********,***********,컨텐츠 비공개
2018,02,24,103900,***********,***********,컨텐츠 비공개
2018,02,24,104500,***********,***********,컨텐츠 비공개
2018,02,24,104500,***********,***********,컨텐츠 비공개
2018,02,24,105100,***********,***********,컨텐츠 비공개
2018,02,24,105200,***********,***********,컨텐츠 비공개
2018,02,24,105400,***********,***********,컨텐츠 비공개
2018,02,24,105400,***********,***********,컨텐츠 비공개
2018,02,24,110000,***********,***********,컨텐츠 비공개
2018,02,24,110100,***********,***********,컨텐츠 비공개
2018,02,24,110100,***********,***********,컨텐츠 비공개
2018,02,24,110100,***********,***********,컨텐츠 비공개
2018,02,24,110300,***********,***********,컨텐츠 비공개
2018,02,24,110500,***********,***********,컨텐츠 비공개
2018,02,24,111000,***********,***********,컨텐츠 비공개
2018,02,24,111200,***********,***********,컨텐츠 비공개
2018,02,24,111500,***********,***********,컨텐츠 비공개
2018,02,24,111600,***********,***********,컨텐츠 비공개
2018,02,24,111700,***********,***********,컨텐츠 비공개
2018,02,24,111800,***********,***********,컨텐츠 비공개
2018,02,24,113000,***********,***********,컨텐츠 비공개
2018,02,24,113400,***********,***********,컨텐츠 비공개
2018,02,24,115200,***********,***********,컨텐츠 비공개
2018,02,24,115500,***********,***********,컨텐츠 비공개
2018,02,24,115500,***********,***********,컨텐츠 비공개
2018,02,24,120100,***********,***********,컨텐츠 비공개
2018,02,24,120100,***********,***********,컨텐츠 비공개
2018,02,24,120100,***********,***********,컨텐츠 비공개
2018,02,24,121100,***********,***********,컨텐츠 비공개
2018,02,24,121500,***********,***********,컨텐츠 비공개
2018,02,24,121500,***********,***********,컨텐츠 비공개
2018,02,24,121800,***********,***********,컨텐츠 비공개
2018,02,24,122200,***********,***********,컨텐츠 비공개
2018,02,24,122300,***********,***********,컨텐츠 비공개
2018,02,24,123100,***********,***********,컨텐츠 비공개
2018,02,24,123300,***********,***********,컨텐츠 비공개
2018,02,24,123400,***********,***********,컨텐츠 비공개
2018,02,24,124000,***********,***********,컨텐츠 비공개
2018,02,24,124300,***********,***********,컨텐츠 비공개
2018,02,24,124500,***********,***********,컨텐츠 비공개
2018,02,24,125900,***********,***********,컨텐츠 비공개
2018,02,24,130000,***********,***********,컨텐츠 비공개
2018,02,24,130000,***********,***********,컨텐츠 비공개
2018,02,24,130000,***********,***********,컨텐츠 비공개
2018,02,24,130100,***********,***********,컨텐츠 비공개
2018,02,24,130200,***********,***********,컨텐츠 비공개
2018,02,24,131300,***********,***********,컨텐츠 비공개
2018,02,24,131300,***********,***********,컨텐츠 비공개
2018,02,24,131700,***********,***********,컨텐츠 비공개
2018,02,24,131900,***********,***********,컨텐츠 비공개
2018,02,24,132000,***********,***********,컨텐츠 비공개
2018,02,24,132200,***********,***********,컨텐츠 비공개
2018,02,24,133000,***********,***********,컨텐츠 비공개
2018,02,24,133400,***********,***********,컨텐츠 비공개
2018,02,24,133600,***********,***********,컨텐츠 비공개
2018,02,24,134000,***********,***********,컨텐츠 비공개
2018,02,24,135200,***********,***********,컨텐츠 비공개